run #,pathway,process,location,function,equipment,variable group,variable name,unit,value
0,all,all,all,all,all,input parameter,dehydr. reactor volume,m^3,0.0731028611028611
0,all,all,all,all,all,input parameter,dehydr. catalyst amount,kg,9.64671203342243
0,LOHC - formic acid,reconditioning,refueling station,pumping,reactor pump,energy cost,electricity cost,$/yr,0.0
0,LOHC - formic acid,reconditioning,refueling station,pumping,reactor pump,energy cost,electricity cost,$/kg H2,0.0
0,LOHC - formic acid,reconditioning,refueling station,pumping,reactor pump,O&M cost,"operation, maintenance, repair costs",$/yr,0.0
0,LOHC - formic acid,reconditioning,refueling station,pumping,reactor pump,O&M cost,"operation, maintenance, repair costs",$/kg H2,0.0
0,LOHC - formic acid,reconditioning,refueling station,reaction,reactor,capital cost,installed cost,$/station,60910.39709468507
0,LOHC - formic acid,reconditioning,refueling station,reaction,reactor,O&M cost,"operation, maintenance, repair costs",$/yr,6091.039709468507
0,LOHC - formic acid,reconditioning,refueling station,reaction,reactor,O&M cost,"operation, maintenance, repair costs",$/kg H2,0.0016687780025941114
0,LOHC - formic acid,reconditioning,refueling station,reaction,catalyst,capital cost,purchase cost,$/station,33763.49211697851
0,LOHC - formic acid,reconditioning,refueling station,cooling,PSA refrigerator,energy cost,electricity cost,$/yr,5051.696930963824
0,LOHC - formic acid,reconditioning,refueling station,cooling,PSA refrigerator,energy cost,electricity cost,$/kg H2,0.001384026556428445
0,LOHC - formic acid,reconditioning,refueling station,cooling,PSA refrigerator,O&M cost,"operation, maintenance, repair costs",$/yr,29329.3638480455
0,LOHC - formic acid,reconditioning,refueling station,cooling,PSA refrigerator,O&M cost,"operation, maintenance, repair costs",$/kg H2,0.008035442150149452
0,LOHC - formic acid,reconditioning,refueling station,separation,PSA,energy cost,electricity cost,$/yr,3721504.9768949314
0,LOHC - formic acid,reconditioning,refueling station,separation,PSA,energy cost,electricity cost,$/kg H2,1.0195904046287483
0,LOHC - formic acid,reconditioning,refueling station,separation,PSA,O&M cost,"operation, maintenance, repair costs",$/yr,271854.77415626496
0,LOHC - formic acid,reconditioning,refueling station,separation,PSA,O&M cost,"operation, maintenance, repair costs",$/kg H2,0.07448076004281232
0,LOHC - formic acid,reconditioning,refueling station,compression,compressor,energy cost,electricity cost,$/yr,1552476.2047420563
0,LOHC - formic acid,reconditioning,refueling station,compression,compressor,energy cost,electricity cost,$/kg H2,0.425335946504673
0,LOHC - formic acid,reconditioning,refueling station,compression,compressor,O&M cost,"operation, maintenance, repair costs",$/yr,1084111.6754689454
0,LOHC - formic acid,reconditioning,refueling station,compression,compressor,O&M cost,"operation, maintenance, repair costs",$/kg H2,0.29701689738875214
0,LOHC - formic acid,reconditioning,refueling station,cooling,refrigerator,energy cost,electricity cost,$/yr,218451.75917681135
0,LOHC - formic acid,reconditioning,refueling station,cooling,refrigerator,energy cost,electricity cost,$/kg H2,0.05984979703474284
0,LOHC - formic acid,reconditioning,refueling station,cooling,refrigerator,O&M cost,"operation, maintenance, repair costs",$/yr,36218.11499264702
0,LOHC - formic acid,reconditioning,refueling station,cooling,refrigerator,O&M cost,"operation, maintenance, repair costs",$/kg H2,0.009922771230862196
0,LOHC - formic acid,reconditioning,refueling station,storage,liquid storage,O&M cost,"operation, maintenance, repair costs",$/yr,4701.637550884892
0,LOHC - formic acid,reconditioning,refueling station,storage,liquid storage,O&M cost,"operation, maintenance, repair costs",$/kg H2,0.001288119876954765
0,LOHC - formic acid,reconditioning,refueling station,storage,cascade storage,O&M cost,"operation, maintenance, repair costs",$/yr,84145.95452141727
0,LOHC - formic acid,reconditioning,refueling station,storage,cascade storage,O&M cost,"operation, maintenance, repair costs",$/kg H2,0.023053686170251306
0,LOHC - formic acid,reconditioning,refueling station,pumping,reactor pump,O&M cost,other O&M costs,$/yr,0.0
0,LOHC - formic acid,reconditioning,refueling station,pumping,reactor pump,O&M cost,other O&M costs,$/kg H2,0.0
0,LOHC - formic acid,reconditioning,refueling station,reaction,reactor,O&M cost,other O&M costs,$/yr,15733.155569557155
0,LOHC - formic acid,reconditioning,refueling station,reaction,reactor,O&M cost,other O&M costs,$/kg H2,0.004310453580700591
0,LOHC - formic acid,reconditioning,refueling station,reaction,catalyst,O&M cost,other O&M costs,$/yr,8721.110013815549
0,LOHC - formic acid,reconditioning,refueling station,reaction,catalyst,O&M cost,other O&M costs,$/kg H2,0.0023893452092645343
0,LOHC - formic acid,reconditioning,refueling station,separation,PSA refrigerator,O&M cost,other O&M costs,$/yr,37878.87340975076
0,LOHC - formic acid,reconditioning,refueling station,separation,PSA refrigerator,O&M cost,other O&M costs,$/kg H2,0.010377773536918017
0,LOHC - formic acid,reconditioning,refueling station,separation,PSA,O&M cost,other O&M costs,$/yr,702200.8816456323
0,LOHC - formic acid,reconditioning,refueling station,separation,PSA,O&M cost,other O&M costs,$/kg H2,0.1923838031905842
0,LOHC - formic acid,reconditioning,refueling station,compression,compressor,O&M cost,other O&M costs,$/yr,700065.1144340716
0,LOHC - formic acid,reconditioning,refueling station,compression,compressor,O&M cost,other O&M costs,$/kg H2,0.19179866148878674
0,LOHC - formic acid,reconditioning,refueling station,cooling,refrigerator,O&M cost,other O&M costs,$/yr,46775.695513003615
0,LOHC - formic acid,reconditioning,refueling station,cooling,refrigerator,O&M cost,other O&M costs,$/kg H2,0.012815259044658524
0,LOHC - formic acid,reconditioning,refueling station,storage,liquid storage,O&M cost,other O&M costs,$/yr,12144.329793935678
0,LOHC - formic acid,reconditioning,refueling station,storage,liquid storage,O&M cost,other O&M costs,$/kg H2,0.0033272136421741583
0,LOHC - formic acid,reconditioning,refueling station,storage,cascade storage,O&M cost,other O&M costs,$/yr,217349.0005288208
0,LOHC - formic acid,reconditioning,refueling station,storage,cascade storage,O&M cost,other O&M costs,$/kg H2,0.059547671377759126
0,LOHC - formic acid,reconditioning,refueling station,pumping,reactor pump,O&M cost,labor cost,$/yr,0.0
0,LOHC - formic acid,reconditioning,refueling station,pumping,reactor pump,O&M cost,labor cost,$/kg H2,0.0
0,LOHC - formic acid,reconditioning,refueling station,reaction,reactor,O&M cost,labor cost,$/yr,5152.2535423028285
0,LOHC - formic acid,reconditioning,refueling station,reaction,reactor,O&M cost,labor cost,$/kg H2,0.0014115763129596791
0,LOHC - formic acid,reconditioning,refueling station,reaction,catalyst,O&M cost,labor cost,$/yr,2855.966799720559
0,LOHC - formic acid,reconditioning,refueling station,reaction,catalyst,O&M cost,labor cost,$/kg H2,0.0007824566574576873
0,LOHC - formic acid,reconditioning,refueling station,separation,PSA refrigerator,O&M cost,labor cost,$/yr,12404.476574391492
0,LOHC - formic acid,reconditioning,refueling station,separation,PSA refrigerator,O&M cost,labor cost,$/kg H2,0.003398486732709998
0,LOHC - formic acid,reconditioning,refueling station,separation,PSA,O&M cost,labor cost,$/yr,229954.9485716242
0,LOHC - formic acid,reconditioning,refueling station,separation,PSA,O&M cost,labor cost,$/kg H2,0.06300135577304773
0,LOHC - formic acid,reconditioning,refueling station,compression,compressor,O&M cost,labor cost,$/yr,229255.53298823096
0,LOHC - formic acid,reconditioning,refueling station,compression,compressor,O&M cost,labor cost,$/kg H2,0.06280973506526875
0,LOHC - formic acid,reconditioning,refueling station,cooling,refrigerator,O&M cost,labor cost,$/yr,15317.985119709516
0,LOHC - formic acid,reconditioning,refueling station,cooling,refrigerator,O&M cost,labor cost,$/kg H2,0.00419670825197521
0,LOHC - formic acid,reconditioning,refueling station,storage,liquid storage,O&M cost,labor cost,$/yr,3976.994057108918
0,LOHC - formic acid,reconditioning,refueling station,storage,liquid storage,O&M cost,labor cost,$/kg H2,0.0010895874129065529
0,LOHC - formic acid,reconditioning,refueling station,storage,cascade storage,O&M cost,labor cost,$/yr,71176.89473924885
0,LOHC - formic acid,reconditioning,refueling station,storage,cascade storage,O&M cost,labor cost,$/kg H2,0.01950051910664352
0,LOHC - formic acid,reconditioning,refueling station,pumping,reactor pump,capital cost,levelized capital cost,$/yr,0.0
0,LOHC - formic acid,reconditioning,refueling station,pumping,reactor pump,capital cost,levelized capital cost,$/kg H2,0.0
0,LOHC - formic acid,reconditioning,refueling station,reaction,reactor,capital cost,levelized capital cost,$/yr,101278.34863686246
0,LOHC - formic acid,reconditioning,refueling station,reaction,reactor,capital cost,levelized capital cost,$/kg H2,0.02774749277722259
0,LOHC - formic acid,reconditioning,refueling station,reaction,catalyst,capital cost,levelized capital cost,$/yr,481407.61982973333
0,LOHC - formic acid,reconditioning,refueling station,reaction,catalyst,capital cost,levelized capital cost,$/kg H2,0.1318924985834886
0,LOHC - formic acid,reconditioning,refueling station,separation,PSA refrigerator,capital cost,levelized capital cost,$/yr,259705.35874548397
0,LOHC - formic acid,reconditioning,refueling station,separation,PSA refrigerator,capital cost,levelized capital cost,$/kg H2,0.07115215308095452
0,LOHC - formic acid,reconditioning,refueling station,separation,PSA,capital cost,levelized capital cost,$/yr,4520246.773764045
0,LOHC - formic acid,reconditioning,refueling station,separation,PSA,capital cost,levelized capital cost,$/kg H2,1.238423773633985
0,LOHC - formic acid,reconditioning,refueling station,compression,compressor,capital cost,levelized capital cost,$/yr,5941442.012405045
0,LOHC - formic acid,reconditioning,refueling station,compression,compressor,capital cost,levelized capital cost,$/kg H2,1.627792332165766
0,LOHC - formic acid,reconditioning,refueling station,cooling,refrigerator,capital cost,levelized capital cost,$/yr,320703.80373686145
0,LOHC - formic acid,reconditioning,refueling station,cooling,refrigerator,capital cost,levelized capital cost,$/kg H2,0.0878640558183182
0,LOHC - formic acid,reconditioning,refueling station,storage,liquid storage,capital cost,levelized capital cost,$/yr,67181.34646207928
0,LOHC - formic acid,reconditioning,refueling station,storage,liquid storage,capital cost,levelized capital cost,$/kg H2,0.018405848345775144
0,LOHC - formic acid,reconditioning,refueling station,storage,cascade storage,capital cost,levelized capital cost,$/yr,1202355.235362995
0,LOHC - formic acid,reconditioning,refueling station,storage,cascade storage,capital cost,levelized capital cost,$/kg H2,0.3294123932501356
1,all,all,all,all,all,input parameter,dehydr. reactor volume,m^3,0.0731028611028611
1,all,all,all,all,all,input parameter,dehydr. catalyst amount,kg,9.64671203342243
1,LOHC - formic acid,reconditioning,refueling station,pumping,reactor pump,energy cost,electricity cost,$/yr,0.0
1,LOHC - formic acid,reconditioning,refueling station,pumping,reactor pump,energy cost,electricity cost,$/kg H2,0.0
1,LOHC - formic acid,reconditioning,refueling station,pumping,reactor pump,O&M cost,"operation, maintenance, repair costs",$/yr,0.0
1,LOHC - formic acid,reconditioning,refueling station,pumping,reactor pump,O&M cost,"operation, maintenance, repair costs",$/kg H2,0.0
1,LOHC - formic acid,reconditioning,refueling station,reaction,reactor,capital cost,installed cost,$/station,60910.39709468507
1,LOHC - formic acid,reconditioning,refueling station,reaction,reactor,O&M cost,"operation, maintenance, repair costs",$/yr,6091.039709468507
1,LOHC - formic acid,reconditioning,refueling station,reaction,reactor,O&M cost,"operation, maintenance, repair costs",$/kg H2,0.0016687780025941114
1,LOHC - formic acid,reconditioning,refueling station,reaction,catalyst,capital cost,purchase cost,$/station,33763.49211697851
1,LOHC - formic acid,reconditioning,refueling station,cooling,PSA refrigerator,energy cost,electricity cost,$/yr,5051.696930963824
1,LOHC - formic acid,reconditioning,refueling station,cooling,PSA refrigerator,energy cost,electricity cost,$/kg H2,0.001384026556428445
1,LOHC - formic acid,reconditioning,refueling station,cooling,PSA refrigerator,O&M cost,"operation, maintenance, repair costs",$/yr,29329.3638480455
1,LOHC - formic acid,reconditioning,refueling station,cooling,PSA refrigerator,O&M cost,"operation, maintenance, repair costs",$/kg H2,0.008035442150149452
1,LOHC - formic acid,reconditioning,refueling station,separation,PSA,energy cost,electricity cost,$/yr,3721504.9768949314
1,LOHC - formic acid,reconditioning,refueling station,separation,PSA,energy cost,electricity cost,$/kg H2,1.0195904046287483
1,LOHC - formic acid,reconditioning,refueling station,separation,PSA,O&M cost,"operation, maintenance, repair costs",$/yr,271854.77415626496
1,LOHC - formic acid,reconditioning,refueling station,separation,PSA,O&M cost,"operation, maintenance, repair costs",$/kg H2,0.07448076004281232
1,LOHC - formic acid,reconditioning,refueling station,compression,compressor,energy cost,electricity cost,$/yr,1552476.2047420563
1,LOHC - formic acid,reconditioning,refueling station,compression,compressor,energy cost,electricity cost,$/kg H2,0.425335946504673
1,LOHC - formic acid,reconditioning,refueling station,compression,compressor,O&M cost,"operation, maintenance, repair costs",$/yr,1084111.6754689454
1,LOHC - formic acid,reconditioning,refueling station,compression,compressor,O&M cost,"operation, maintenance, repair costs",$/kg H2,0.29701689738875214
1,LOHC - formic acid,reconditioning,refueling station,cooling,refrigerator,energy cost,electricity cost,$/yr,218451.75917681135
1,LOHC - formic acid,reconditioning,refueling station,cooling,refrigerator,energy cost,electricity cost,$/kg H2,0.05984979703474284
1,LOHC - formic acid,reconditioning,refueling station,cooling,refrigerator,O&M cost,"operation, maintenance, repair costs",$/yr,36218.11499264702
1,LOHC - formic acid,reconditioning,refueling station,cooling,refrigerator,O&M cost,"operation, maintenance, repair costs",$/kg H2,0.009922771230862196
1,LOHC - formic acid,reconditioning,refueling station,storage,liquid storage,O&M cost,"operation, maintenance, repair costs",$/yr,4701.637550884892
1,LOHC - formic acid,reconditioning,refueling station,storage,liquid storage,O&M cost,"operation, maintenance, repair costs",$/kg H2,0.001288119876954765
1,LOHC - formic acid,reconditioning,refueling station,storage,cascade storage,O&M cost,"operation, maintenance, repair costs",$/yr,84145.95452141727
1,LOHC - formic acid,reconditioning,refueling station,storage,cascade storage,O&M cost,"operation, maintenance, repair costs",$/kg H2,0.023053686170251306
1,LOHC - formic acid,reconditioning,refueling station,pumping,reactor pump,O&M cost,other O&M costs,$/yr,0.0
1,LOHC - formic acid,reconditioning,refueling station,pumping,reactor pump,O&M cost,other O&M costs,$/kg H2,0.0
1,LOHC - formic acid,reconditioning,refueling station,reaction,reactor,O&M cost,other O&M costs,$/yr,15733.155569557155
1,LOHC - formic acid,reconditioning,refueling station,reaction,reactor,O&M cost,other O&M costs,$/kg H2,0.004310453580700591
1,LOHC - formic acid,reconditioning,refueling station,reaction,catalyst,O&M cost,other O&M costs,$/yr,8721.110013815549
1,LOHC - formic acid,reconditioning,refueling station,reaction,catalyst,O&M cost,other O&M costs,$/kg H2,0.0023893452092645343
1,LOHC - formic acid,reconditioning,refueling station,separation,PSA refrigerator,O&M cost,other O&M costs,$/yr,37878.87340975076
1,LOHC - formic acid,reconditioning,refueling station,separation,PSA refrigerator,O&M cost,other O&M costs,$/kg H2,0.010377773536918017
1,LOHC - formic acid,reconditioning,refueling station,separation,PSA,O&M cost,other O&M costs,$/yr,702200.8816456323
1,LOHC - formic acid,reconditioning,refueling station,separation,PSA,O&M cost,other O&M costs,$/kg H2,0.1923838031905842
1,LOHC - formic acid,reconditioning,refueling station,compression,compressor,O&M cost,other O&M costs,$/yr,700065.1144340716
1,LOHC - formic acid,reconditioning,refueling station,compression,compressor,O&M cost,other O&M costs,$/kg H2,0.19179866148878674
1,LOHC - formic acid,reconditioning,refueling station,cooling,refrigerator,O&M cost,other O&M costs,$/yr,46775.695513003615
1,LOHC - formic acid,reconditioning,refueling station,cooling,refrigerator,O&M cost,other O&M costs,$/kg H2,0.012815259044658524
1,LOHC - formic acid,reconditioning,refueling station,storage,liquid storage,O&M cost,other O&M costs,$/yr,12144.329793935678
1,LOHC - formic acid,reconditioning,refueling station,storage,liquid storage,O&M cost,other O&M costs,$/kg H2,0.0033272136421741583
1,LOHC - formic acid,reconditioning,refueling station,storage,cascade storage,O&M cost,other O&M costs,$/yr,217349.0005288208
1,LOHC - formic acid,reconditioning,refueling station,storage,cascade storage,O&M cost,other O&M costs,$/kg H2,0.059547671377759126
1,LOHC - formic acid,reconditioning,refueling station,pumping,reactor pump,O&M cost,labor cost,$/yr,0.0
1,LOHC - formic acid,reconditioning,refueling station,pumping,reactor pump,O&M cost,labor cost,$/kg H2,0.0
1,LOHC - formic acid,reconditioning,refueling station,reaction,reactor,O&M cost,labor cost,$/yr,5152.2535423028285
1,LOHC - formic acid,reconditioning,refueling station,reaction,reactor,O&M cost,labor cost,$/kg H2,0.0014115763129596791
1,LOHC - formic acid,reconditioning,refueling station,reaction,catalyst,O&M cost,labor cost,$/yr,2855.966799720559
1,LOHC - formic acid,reconditioning,refueling station,reaction,catalyst,O&M cost,labor cost,$/kg H2,0.0007824566574576873
1,LOHC - formic acid,reconditioning,refueling station,separation,PSA refrigerator,O&M cost,labor cost,$/yr,12404.476574391492
1,LOHC - formic acid,reconditioning,refueling station,separation,PSA refrigerator,O&M cost,labor cost,$/kg H2,0.003398486732709998
1,LOHC - formic acid,reconditioning,refueling station,separation,PSA,O&M cost,labor cost,$/yr,229954.9485716242
1,LOHC - formic acid,reconditioning,refueling station,separation,PSA,O&M cost,labor cost,$/kg H2,0.06300135577304773
1,LOHC - formic acid,reconditioning,refueling station,compression,compressor,O&M cost,labor cost,$/yr,229255.53298823096
1,LOHC - formic acid,reconditioning,refueling station,compression,compressor,O&M cost,labor cost,$/kg H2,0.06280973506526875
1,LOHC - formic acid,reconditioning,refueling station,cooling,refrigerator,O&M cost,labor cost,$/yr,15317.985119709516
1,LOHC - formic acid,reconditioning,refueling station,cooling,refrigerator,O&M cost,labor cost,$/kg H2,0.00419670825197521
1,LOHC - formic acid,reconditioning,refueling station,storage,liquid storage,O&M cost,labor cost,$/yr,3976.994057108918
1,LOHC - formic acid,reconditioning,refueling station,storage,liquid storage,O&M cost,labor cost,$/kg H2,0.0010895874129065529
1,LOHC - formic acid,reconditioning,refueling station,storage,cascade storage,O&M cost,labor cost,$/yr,71176.89473924885
1,LOHC - formic acid,reconditioning,refueling station,storage,cascade storage,O&M cost,labor cost,$/kg H2,0.01950051910664352
1,LOHC - formic acid,reconditioning,refueling station,pumping,reactor pump,capital cost,levelized capital cost,$/yr,0.0
1,LOHC - formic acid,reconditioning,refueling station,pumping,reactor pump,capital cost,levelized capital cost,$/kg H2,0.0
1,LOHC - formic acid,reconditioning,refueling station,reaction,reactor,capital cost,levelized capital cost,$/yr,101278.34863686246
1,LOHC - formic acid,reconditioning,refueling station,reaction,reactor,capital cost,levelized capital cost,$/kg H2,0.02774749277722259
1,LOHC - formic acid,reconditioning,refueling station,reaction,catalyst,capital cost,levelized capital cost,$/yr,481407.61982973333
1,LOHC - formic acid,reconditioning,refueling station,reaction,catalyst,capital cost,levelized capital cost,$/kg H2,0.1318924985834886
1,LOHC - formic acid,reconditioning,refueling station,separation,PSA refrigerator,capital cost,levelized capital cost,$/yr,259705.35874548397
1,LOHC - formic acid,reconditioning,refueling station,separation,PSA refrigerator,capital cost,levelized capital cost,$/kg H2,0.07115215308095452
1,LOHC - formic acid,reconditioning,refueling station,separation,PSA,capital cost,levelized capital cost,$/yr,4520246.773764045
1,LOHC - formic acid,reconditioning,refueling station,separation,PSA,capital cost,levelized capital cost,$/kg H2,1.238423773633985
1,LOHC - formic acid,reconditioning,refueling station,compression,compressor,capital cost,levelized capital cost,$/yr,5941442.012405045
1,LOHC - formic acid,reconditioning,refueling station,compression,compressor,capital cost,levelized capital cost,$/kg H2,1.627792332165766
1,LOHC - formic acid,reconditioning,refueling station,cooling,refrigerator,capital cost,levelized capital cost,$/yr,320703.80373686145
1,LOHC - formic acid,reconditioning,refueling station,cooling,refrigerator,capital cost,levelized capital cost,$/kg H2,0.0878640558183182
1,LOHC - formic acid,reconditioning,refueling station,storage,liquid storage,capital cost,levelized capital cost,$/yr,67181.34646207928
1,LOHC - formic acid,reconditioning,refueling station,storage,liquid storage,capital cost,levelized capital cost,$/kg H2,0.018405848345775144
1,LOHC - formic acid,reconditioning,refueling station,storage,cascade storage,capital cost,levelized capital cost,$/yr,1202355.235362995
1,LOHC - formic acid,reconditioning,refueling station,storage,cascade storage,capital cost,levelized capital cost,$/kg H2,0.3294123932501356
2,all,all,all,all,all,input parameter,dehydr. reactor volume,m^3,0.0731028611028611
2,all,all,all,all,all,input parameter,dehydr. catalyst amount,kg,9.64671203342243
2,LOHC - formic acid,reconditioning,refueling station,pumping,reactor pump,energy cost,electricity cost,$/yr,0.0
2,LOHC - formic acid,reconditioning,refueling station,pumping,reactor pump,energy cost,electricity cost,$/kg H2,0.0
2,LOHC - formic acid,reconditioning,refueling station,pumping,reactor pump,O&M cost,"operation, maintenance, repair costs",$/yr,0.0
2,LOHC - formic acid,reconditioning,refueling station,pumping,reactor pump,O&M cost,"operation, maintenance, repair costs",$/kg H2,0.0
2,LOHC - formic acid,reconditioning,refueling station,reaction,reactor,capital cost,installed cost,$/station,60910.39709468507
2,LOHC - formic acid,reconditioning,refueling station,reaction,reactor,O&M cost,"operation, maintenance, repair costs",$/yr,6091.039709468507
2,LOHC - formic acid,reconditioning,refueling station,reaction,reactor,O&M cost,"operation, maintenance, repair costs",$/kg H2,0.0016687780025941114
2,LOHC - formic acid,reconditioning,refueling station,reaction,catalyst,capital cost,purchase cost,$/station,33763.49211697851
2,LOHC - formic acid,reconditioning,refueling station,cooling,PSA refrigerator,energy cost,electricity cost,$/yr,5051.696930963824
2,LOHC - formic acid,reconditioning,refueling station,cooling,PSA refrigerator,energy cost,electricity cost,$/kg H2,0.001384026556428445
2,LOHC - formic acid,reconditioning,refueling station,cooling,PSA refrigerator,O&M cost,"operation, maintenance, repair costs",$/yr,29329.3638480455
2,LOHC - formic acid,reconditioning,refueling station,cooling,PSA refrigerator,O&M cost,"operation, maintenance, repair costs",$/kg H2,0.008035442150149452
2,LOHC - formic acid,reconditioning,refueling station,separation,PSA,energy cost,electricity cost,$/yr,3721504.9768949314
2,LOHC - formic acid,reconditioning,refueling station,separation,PSA,energy cost,electricity cost,$/kg H2,1.0195904046287483
2,LOHC - formic acid,reconditioning,refueling station,separation,PSA,O&M cost,"operation, maintenance, repair costs",$/yr,271854.77415626496
2,LOHC - formic acid,reconditioning,refueling station,separation,PSA,O&M cost,"operation, maintenance, repair costs",$/kg H2,0.07448076004281232
2,LOHC - formic acid,reconditioning,refueling station,compression,compressor,energy cost,electricity cost,$/yr,1552476.2047420563
2,LOHC - formic acid,reconditioning,refueling station,compression,compressor,energy cost,electricity cost,$/kg H2,0.425335946504673
2,LOHC - formic acid,reconditioning,refueling station,compression,compressor,O&M cost,"operation, maintenance, repair costs",$/yr,1084111.6754689454
2,LOHC - formic acid,reconditioning,refueling station,compression,compressor,O&M cost,"operation, maintenance, repair costs",$/kg H2,0.29701689738875214
2,LOHC - formic acid,reconditioning,refueling station,cooling,refrigerator,energy cost,electricity cost,$/yr,218451.75917681135
2,LOHC - formic acid,reconditioning,refueling station,cooling,refrigerator,energy cost,electricity cost,$/kg H2,0.05984979703474284
2,LOHC - formic acid,reconditioning,refueling station,cooling,refrigerator,O&M cost,"operation, maintenance, repair costs",$/yr,36218.11499264702
2,LOHC - formic acid,reconditioning,refueling station,cooling,refrigerator,O&M cost,"operation, maintenance, repair costs",$/kg H2,0.009922771230862196
2,LOHC - formic acid,reconditioning,refueling station,storage,liquid storage,O&M cost,"operation, maintenance, repair costs",$/yr,4701.637550884892
2,LOHC - formic acid,reconditioning,refueling station,storage,liquid storage,O&M cost,"operation, maintenance, repair costs",$/kg H2,0.001288119876954765
2,LOHC - formic acid,reconditioning,refueling station,storage,cascade storage,O&M cost,"operation, maintenance, repair costs",$/yr,84145.95452141727
2,LOHC - formic acid,reconditioning,refueling station,storage,cascade storage,O&M cost,"operation, maintenance, repair costs",$/kg H2,0.023053686170251306
2,LOHC - formic acid,reconditioning,refueling station,pumping,reactor pump,O&M cost,other O&M costs,$/yr,0.0
2,LOHC - formic acid,reconditioning,refueling station,pumping,reactor pump,O&M cost,other O&M costs,$/kg H2,0.0
2,LOHC - formic acid,reconditioning,refueling station,reaction,reactor,O&M cost,other O&M costs,$/yr,15733.155569557155
2,LOHC - formic acid,reconditioning,refueling station,reaction,reactor,O&M cost,other O&M costs,$/kg H2,0.004310453580700591
2,LOHC - formic acid,reconditioning,refueling station,reaction,catalyst,O&M cost,other O&M costs,$/yr,8721.110013815549
2,LOHC - formic acid,reconditioning,refueling station,reaction,catalyst,O&M cost,other O&M costs,$/kg H2,0.0023893452092645343
2,LOHC - formic acid,reconditioning,refueling station,separation,PSA refrigerator,O&M cost,other O&M costs,$/yr,37878.87340975076
2,LOHC - formic acid,reconditioning,refueling station,separation,PSA refrigerator,O&M cost,other O&M costs,$/kg H2,0.010377773536918017
2,LOHC - formic acid,reconditioning,refueling station,separation,PSA,O&M cost,other O&M costs,$/yr,702200.8816456323
2,LOHC - formic acid,reconditioning,refueling station,separation,PSA,O&M cost,other O&M costs,$/kg H2,0.1923838031905842
2,LOHC - formic acid,reconditioning,refueling station,compression,compressor,O&M cost,other O&M costs,$/yr,700065.1144340716
2,LOHC - formic acid,reconditioning,refueling station,compression,compressor,O&M cost,other O&M costs,$/kg H2,0.19179866148878674
2,LOHC - formic acid,reconditioning,refueling station,cooling,refrigerator,O&M cost,other O&M costs,$/yr,46775.695513003615
2,LOHC - formic acid,reconditioning,refueling station,cooling,refrigerator,O&M cost,other O&M costs,$/kg H2,0.012815259044658524
2,LOHC - formic acid,reconditioning,refueling station,storage,liquid storage,O&M cost,other O&M costs,$/yr,12144.329793935678
2,LOHC - formic acid,reconditioning,refueling station,storage,liquid storage,O&M cost,other O&M costs,$/kg H2,0.0033272136421741583
2,LOHC - formic acid,reconditioning,refueling station,storage,cascade storage,O&M cost,other O&M costs,$/yr,217349.0005288208
2,LOHC - formic acid,reconditioning,refueling station,storage,cascade storage,O&M cost,other O&M costs,$/kg H2,0.059547671377759126
2,LOHC - formic acid,reconditioning,refueling station,pumping,reactor pump,O&M cost,labor cost,$/yr,0.0
2,LOHC - formic acid,reconditioning,refueling station,pumping,reactor pump,O&M cost,labor cost,$/kg H2,0.0
2,LOHC - formic acid,reconditioning,refueling station,reaction,reactor,O&M cost,labor cost,$/yr,5152.2535423028285
2,LOHC - formic acid,reconditioning,refueling station,reaction,reactor,O&M cost,labor cost,$/kg H2,0.0014115763129596791
2,LOHC - formic acid,reconditioning,refueling station,reaction,catalyst,O&M cost,labor cost,$/yr,2855.966799720559
2,LOHC - formic acid,reconditioning,refueling station,reaction,catalyst,O&M cost,labor cost,$/kg H2,0.0007824566574576873
2,LOHC - formic acid,reconditioning,refueling station,separation,PSA refrigerator,O&M cost,labor cost,$/yr,12404.476574391492
2,LOHC - formic acid,reconditioning,refueling station,separation,PSA refrigerator,O&M cost,labor cost,$/kg H2,0.003398486732709998
2,LOHC - formic acid,reconditioning,refueling station,separation,PSA,O&M cost,labor cost,$/yr,229954.9485716242
2,LOHC - formic acid,reconditioning,refueling station,separation,PSA,O&M cost,labor cost,$/kg H2,0.06300135577304773
2,LOHC - formic acid,reconditioning,refueling station,compression,compressor,O&M cost,labor cost,$/yr,229255.53298823096
2,LOHC - formic acid,reconditioning,refueling station,compression,compressor,O&M cost,labor cost,$/kg H2,0.06280973506526875
2,LOHC - formic acid,reconditioning,refueling station,cooling,refrigerator,O&M cost,labor cost,$/yr,15317.985119709516
2,LOHC - formic acid,reconditioning,refueling station,cooling,refrigerator,O&M cost,labor cost,$/kg H2,0.00419670825197521
2,LOHC - formic acid,reconditioning,refueling station,storage,liquid storage,O&M cost,labor cost,$/yr,3976.994057108918
2,LOHC - formic acid,reconditioning,refueling station,storage,liquid storage,O&M cost,labor cost,$/kg H2,0.0010895874129065529
2,LOHC - formic acid,reconditioning,refueling station,storage,cascade storage,O&M cost,labor cost,$/yr,71176.89473924885
2,LOHC - formic acid,reconditioning,refueling station,storage,cascade storage,O&M cost,labor cost,$/kg H2,0.01950051910664352
2,LOHC - formic acid,reconditioning,refueling station,pumping,reactor pump,capital cost,levelized capital cost,$/yr,0.0
2,LOHC - formic acid,reconditioning,refueling station,pumping,reactor pump,capital cost,levelized capital cost,$/kg H2,0.0
2,LOHC - formic acid,reconditioning,refueling station,reaction,reactor,capital cost,levelized capital cost,$/yr,101278.34863686246
2,LOHC - formic acid,reconditioning,refueling station,reaction,reactor,capital cost,levelized capital cost,$/kg H2,0.02774749277722259
2,LOHC - formic acid,reconditioning,refueling station,reaction,catalyst,capital cost,levelized capital cost,$/yr,481407.61982973333
2,LOHC - formic acid,reconditioning,refueling station,reaction,catalyst,capital cost,levelized capital cost,$/kg H2,0.1318924985834886
2,LOHC - formic acid,reconditioning,refueling station,separation,PSA refrigerator,capital cost,levelized capital cost,$/yr,259705.35874548397
2,LOHC - formic acid,reconditioning,refueling station,separation,PSA refrigerator,capital cost,levelized capital cost,$/kg H2,0.07115215308095452
2,LOHC - formic acid,reconditioning,refueling station,separation,PSA,capital cost,levelized capital cost,$/yr,4520246.773764045
2,LOHC - formic acid,reconditioning,refueling station,separation,PSA,capital cost,levelized capital cost,$/kg H2,1.238423773633985
2,LOHC - formic acid,reconditioning,refueling station,compression,compressor,capital cost,levelized capital cost,$/yr,5941442.012405045
2,LOHC - formic acid,reconditioning,refueling station,compression,compressor,capital cost,levelized capital cost,$/kg H2,1.627792332165766
2,LOHC - formic acid,reconditioning,refueling station,cooling,refrigerator,capital cost,levelized capital cost,$/yr,320703.80373686145
2,LOHC - formic acid,reconditioning,refueling station,cooling,refrigerator,capital cost,levelized capital cost,$/kg H2,0.0878640558183182
2,LOHC - formic acid,reconditioning,refueling station,storage,liquid storage,capital cost,levelized capital cost,$/yr,67181.34646207928
2,LOHC - formic acid,reconditioning,refueling station,storage,liquid storage,capital cost,levelized capital cost,$/kg H2,0.018405848345775144
2,LOHC - formic acid,reconditioning,refueling station,storage,cascade storage,capital cost,levelized capital cost,$/yr,1202355.235362995
2,LOHC - formic acid,reconditioning,refueling station,storage,cascade storage,capital cost,levelized capital cost,$/kg H2,0.3294123932501356
